,Wild Type,Mutant
0,175.35736289764748,127.61056451105443
1,196.2789894437775,179.05222257757268
2,164.36939329861917,96.37297471839935
3,223.30664318695608,191.65957392960803
4,138.49537833477746,153.6700564573543
5,197.5253351417634,141.7879484366162
6,145.51608053569996,105.77045525874735
7,249.31278299624893,159.89625460094857
8,248.51491040814548,55.58938264310055
9,229.984362423069,110.03672778246816
10,112.09377974943233,173.81991814302717
11,212.15959731812163,62.3620914106083
12,215.36675618019208,145.17783382560407
13,126.1454871958294,127.99989584739902
14,262.88764174460323,103.10493185576485
15,201.93050744340306,167.68481495181905
16,232.34108216304045,65.80287960235324
17,207.51056292128783,162.00248961554388
18,164.3345614264416,81.22574130963878
19,198.18309921331797,176.71471332407856
20,157.77301055083774,65.5206997092223
21,224.3156126045592,145.38672705139703
22,156.55769074835507,57.37659067963837
23,214.79342345822474,177.5409946333775
24,257.56416808286644,157.57466117221742
25,151.29212622189877,101.65783909108858
26,227.7033212326955,111.05800035892118
27,245.12301385563563,200.20716132166385
28,114.78957348734647,100.93259665428809
29,129.2269242964179,178.39416148873596
30,144.58176639842196,149.5136518519476
31,180.64732976093768,130.67517426039333
32,272.0485063524301,124.98596418814796
33,184.0695353985476,82.83800696926241
34,171.33371222961358,88.4280778669292
35,213.38907660016304,148.59668210340084
36,169.40580745611905,182.46849789914953
37,173.26391383786222,128.4700748941706
38,258.8796894974657,141.89919225059424
39,301.18604251177,69.93141032182359
40,236.23890841032107,113.54252784058374
41,185.7398805527769,175.83940912866325
42,245.41079525603377,62.423618593389484
43,237.3221513513488,135.09905103810684
44,174.1646159938347,192.1347093695328
45,227.29401044989353,223.79296582458005
46,203.1056843356274,127.50799924724984
47,170.4224401942221,59.315106046473176
48,281.01151844616527,133.32497849592085
49,237.40076621443563,145.76300159684956
50,192.53484270449428,71.94654726227694
51,125.39037331237743,212.8348560639556
52,172.866952975573,192.10922575454848
53,218.3034281099969,56.48392700205652
54,195.7518790373784,122.8697756890838
55,252.4249823417891,62.22750059255936
56,141.5689665854214,113.51559169294076
57,184.19382810287863,149.3428104480979
58,214.19927387392585,114.17705001019753
59,216.20341384567027,181.10588240873582
60,233.23396505884915,169.5319189186925
61,64.09667032476446,88.63173513244206
62,272.83667035734993,170.02727666160922
63,268.5196963616377,80.46732403588032
64,239.78598006039846,-33.869387936959185
65,200.33821197269867,205.32665137954206
66,168.9291732678764,71.77403527627382
67,91.19022313272333,221.5124057242661
68,153.79711995744586,184.51860575117468
69,34.21442274362249,152.40828936026688
70,147.5496604233285,210.41852024917227
71,124.20560172856285,64.02603903286828
72,232.95054703914218,112.5445318079414
73,140.39276044059326,195.37576029560083
74,177.69012289094198,80.38173644836664
75,260.83177863662837,82.75940021686685
76,161.2426344828367,145.36316682603388
77,264.3300664464905,58.524808923908594
78,124.79098348755551,160.56855396847993
79,168.51306692511943,153.06299456932547
80,213.3095003963962,85.34851033469789
81,165.64711485668337,129.68128725665827
82,111.27429219784642,170.9527298179048
83,237.5463919564886,121.9463104277046
84,161.61137982458615,141.84630970882108
85,183.63705314100233,144.91909958437816
86,248.57849337825158,191.13806657527562
87,136.5780129742251,56.434937631366026
88,183.25842885803783,234.3517267605588
89,188.1475863386489,171.91733112572797
90,215.96850441082398,50.97539385242888
91,192.46533299865686,159.61673539991978
92,164.27942193052868,236.69143444077395
93,91.56802827751658,123.93583850722617
94,199.79111271658084,120.16920623760629
95,231.93482019281458,112.69456002142103
96,223.57501617780608,189.0655018026518
97,188.11357171023047,92.19190091810327
98,308.2651131539559,87.10809696062935
99,248.4797884735463,131.66022102970607
